CPU,Appareils électroniques > Accessoires électroniques > Composants d'ordinateur > Processeurs
CPU AMD AM4,Appareils électroniques > Accessoires électroniques > Composants d'ordinateur > Processeurs
CPU INTEL GEN DDR4,Appareils électroniques > Accessoires électroniques > Composants d'ordinateur > Processeurs
CPU INTEL GEN 2-3,Appareils électroniques > Accessoires électroniques > Composants d'ordinateur > Processeurs
CPU INTEL GEN 4,Appareils électroniques > Accessoires électroniques > Composants d'ordinateur > Processeurs
CPU AMD AM5,Appareils électroniques > Accessoires électroniques > Composants d'ordinateur > Processeurs
Carte Mère,Appareils électroniques > Circuits imprimés et composants de circuits > Circuits imprimés > Circuits imprimés pour ordinateurs > Cartes mères
CM AMD AM4,Appareils électroniques > Circuits imprimés et composants de circuits > Circuits imprimés > Circuits imprimés pour ordinateurs > Cartes mères
CM AMD AM5,Appareils électroniques > Circuits imprimés et composants de circuits > Circuits imprimés > Circuits imprimés pour ordinateurs > Cartes mères
CM INTEL,Appareils électroniques > Circuits imprimés et composants de circuits > Circuits imprimés > Circuits imprimés pour ordinateurs > Cartes mères
Carte Graphiques,Appareils électroniques > Accessoires électroniques > Composants d'ordinateur > Cartes E/S > Cartes graphiques et adaptateurs vidéo
GPU AMD,Appareils électroniques > Accessoires électroniques > Composants d'ordinateur > Cartes E/S > Cartes graphiques et adaptateurs vidéo
GPU NVIDIA,Appareils électroniques > Accessoires électroniques > Composants d'ordinateur > Cartes E/S > Cartes graphiques et adaptateurs vidéo
RAM,Appareils électroniques > Accessoires électroniques > Mémoire > RAM
RAM DDR4,Appareils électroniques > Accessoires électroniques > Mémoire > RAM
RAM DDR3,Appareils électroniques > Accessoires électroniques > Mémoire > RAM
SSD,Appareils électroniques > Accessoires électroniques > Composants d'ordinateur > Périphériques de stockage
SSD 2T,Appareils électroniques > Accessoires électroniques > Composants d'ordinateur > Périphériques de stockage
SSD 60,Appareils électroniques > Accessoires électroniques > Composants d'ordinateur > Périphériques de stockage
SSD 128,Appareils électroniques > Accessoires électroniques > Composants d'ordinateur > Périphériques de stockage
SSD 1T,Appareils électroniques > Accessoires électroniques > Composants d'ordinateur > Périphériques de stockage
SSD 4T,Appareils électroniques > Accessoires électroniques > Composants d'ordinateur > Périphériques de stockage
SSD 512,Appareils électroniques > Accessoires électroniques > Composants d'ordinateur > Périphériques de stockage
SSD 256,Appareils électroniques > Accessoires électroniques > Composants d'ordinateur > Périphériques de stockage
COOLING,Appareils électroniques > Accessoires électroniques > Composants d'ordinateur > Pièces pour refroidisseurs d'ordinateur
LED,Appareils électroniques > Accessoires électroniques > Accessoires pour ordinateurs
RESEAUX,Appareils électroniques > Réseaux
MICRO,Appareils électroniques > Audio > Composants audio > Microphones
SOURIS,Appareils électroniques > Accessoires électroniques > Composants d'ordinateur > Périphériques de saisie > Souris et trackballs
CASQUES,Appareils électroniques > Audio > Composants audio > Casques Audio & Ecouteurs > Casques
POWER,Appareils électroniques > Accessoires électroniques > Composants d'ordinateur > Alimentations pour ordinateurs
Boitiers,Appareils électroniques > Accessoires électroniques > Composants d'ordinateur > Boîtiers pour ordinateurs de bureau et serveurs
